alpha,dc_theory_ms,dc_empirical_ms,relative_error_percent
0.5,3.5,3.5,0.0
0.6,2.333333,2.333333,0.0
0.7,1.602041,1.602041,0.0
0.8,1.109375,1.109375,0.0
0.9,0.759259,0.759259,0.0
