d_ms,k_star,k=1,k=3,k=5,k=7,k=10,Confidence-Stop,Oracle-Mean,Ours (k*),Delta_vs_best_fixed_pct,improve_vs_k5_pct
5,3,7.058823529411765,5.921831819976314,6.120013464029622,6.685400006424351,7.804316844066175,5.950019833399445,5.921831819976314,5.921831819976314,0.0,3.2382550335570497
10,5,12.941176470588237,9.869719699960523,9.520020944046077,9.868923819007376,10.86483325350389,9.556092459702139,9.520020944046077,9.520020944046077,0.0,0.0
30,7,36.47058823529412,25.661271219897362,23.120050864111903,22.603019069339474,23.106898891254755,23.980382964912913,22.603019069339474,22.603019069339474,0.0,2.2362917703394465
50,8,60.00000000000001,41.4528227398342,36.72008078417773,35.33711431967157,35.34896452900562,38.40467347012369,35.169204246672976,35.169204246672976,0.4751663406344474,4.223510690567465
100,10,118.82352941176472,80.9317015396763,70.7201555843423,67.17235244550182,65.95412862338277,74.46539973315063,65.95412862338277,65.95412862338277,0.0,6.739276690752555
200,12,236.47058823529414,159.88945913936047,138.72030518467142,130.8428286971623,127.16445681213709,146.5868522592045,126.7783428176643,126.7783428176643,0.3036335813891839,8.608662121316259
500,14,589.4117647058824,396.762731938413,342.7207539856588,321.85425745214377,310.7954413784,362.95120983736615,307.911830354246,307.911830354246,0.9278163834594961,10.156643047321671
