{
  "cd_calibrated_ms": 67.37146394076436,
  "cv_calibrated_ms": 8.37074627786639,
  "cd_per_k_calibrated": {
    "1": 90.39581300748978,
    "2": 77.32606450008461,
    "3": 69.49705816805363,
    "5": 58.93535660288762,
    "7": 55.479971215910545,
    "10": 52.59452015015995
  },
  "cv_per_k_calibrated": {
    "1": 17.180939743411727,
    "2": 11.36796116285647,
    "3": 8.539320748241153,
    "5": 5.776068918445768,
    "7": 4.2435846880835015,
    "10": 3.1166024061597204
  },
  "bare_rtt_baseline_ms": 9.0215464879293,
  "r1_delays": [
    0.0,
    5.0,
    10.0,
    20.0,
    40.0,
    55.0,
    83.0,
    111.0,
    150.0
  ],
  "r1_ks": [
    1,
    2,
    3,
    5,
    7,
    10
  ],
  "prefix_P_Lge_k": {
    "1": 0.382,
    "2": 0.288,
    "3": 0.226,
    "4": 0.196,
    "5": 0.17,
    "6": 0.14,
    "7": 0.124,
    "8": 0.116,
    "9": 0.102,
    "10": 0.082
  },
  "cond_q_k": {
    "1": 0.382,
    "2": 0.7539267015706806,
    "3": 0.7847222222222222,
    "4": 0.8672566371681416,
    "5": 0.8673469387755102,
    "6": 0.8235294117647058,
    "7": 0.8857142857142857,
    "8": 0.9354838709677419,
    "9": 0.8793103448275862,
    "10": 0.803921568627451
  },
  "q1_observed": 0.382,
  "alpha_geo_kge2": 0.8445791090709249,
  "n_acceptance_prompts": 500,
  "empirical_kstar_per_delay": {
    "0": 1,
    "5": 1,
    "20": 1,
    "40": 1,
    "55": 1,
    "83": 1,
    "111": 4,
    "150": 7
  }
}