configured_one_way_delay_ms,k_best_fixed,cost_best_fixed
20,1,132.2724490115348
55,1,178.49596975646796
111,5,254.41009916612782
150,4,302.8414403423071
