{
  "cd_calibrated_ms": 85.13839356856474,
  "cv_calibrated_ms": 8.090914215401169,
  "cd_per_k_calibrated": {
    "1": 106.25002600136213,
    "2": 92.05701750033768,
    "3": 84.00940733069243,
    "5": 79.45676920062397,
    "7": 75.35563492690147,
    "10": 73.70150645147078
  },
  "cv_per_k_calibrated": {
    "1": 16.555109512410127,
    "2": 10.973801496826734,
    "3": 8.287385368021205,
    "5": 5.497491249116138,
    "7": 4.171545941062504,
    "10": 3.0601517249703067
  },
  "bare_rtt_baseline_ms": 10.011100515839644,
  "r1_delays": [
    0.0,
    5.0,
    10.0,
    20.0,
    40.0,
    55.0,
    83.0,
    111.0,
    150.0
  ],
  "r1_ks": [
    1,
    2,
    3,
    5,
    7,
    10
  ],
  "prefix_P_Lge_k": {
    "1": 0.462,
    "2": 0.328,
    "3": 0.256,
    "4": 0.214,
    "5": 0.188,
    "6": 0.166,
    "7": 0.144,
    "8": 0.11,
    "9": 0.088,
    "10": 0.082
  },
  "cond_q_k": {
    "1": 0.462,
    "2": 0.70995670995671,
    "3": 0.7804878048780488,
    "4": 0.8359375,
    "5": 0.8785046728971962,
    "6": 0.8829787234042553,
    "7": 0.8674698795180723,
    "8": 0.7638888888888888,
    "9": 0.8,
    "10": 0.9318181818181818
  },
  "q1_observed": 0.462,
  "alpha_geo_kge2": 0.8278935957068171,
  "n_acceptance_prompts": 500,
  "empirical_kstar_per_delay": {
    "0": 1,
    "5": 1,
    "20": 1,
    "40": 1,
    "55": 1,
    "83": 2,
    "111": 3,
    "150": 4
  }
}