configured_one_way_delay_ms,k_best_fixed,cost_best_fixed
20,1,139.83696652941615
55,1,190.32026556080493
111,2,267.38136987592173
150,3,296.99983133379226
