beta,mean_cumulative_regret_ms,std_cumulative_regret_ms,ci95_ms,n_seeds,T
1.5,788985.6301812263,321217.03156091226,114946.0385066302,30,5000
1.0,789012.4820958171,321256.13152185443,114960.0302479592,30,5000
2.0,789046.3255048133,321140.682298833,114918.71727407827,30,5000
0.5,800866.8960611282,324752.7463932431,116211.27781007135,30,5000
0.7,800921.1351128117,324815.282248198,116233.65597836698,30,5000
0.3,818083.1364079985,332055.91121392715,118824.68177753635,30,5000
